ad_id,user_id,car_id,title,description,color,transmission,mileage,negotiable,post_date
1,5,21,2018 Daihatsu Terios SUV,Warna: Coklat Jarak tempuh: 64039 Tipe mobil: Manual Harga: 190000000 Bisa nego: Iya,Coklat,Manual,64039,True,2022-03-17 08:13:21
2,65,13,2017 Toyota Calya Wagon,Warna: Oranye Jarak tempuh: 54779 Tipe mobil: Automatic Harga: 115500000 Bisa nego: Tidak,Oranye,Automatic,54779,False,2022-11-05 07:18:16
3,93,12,2019 Toyota Calya Wagon,Warna: Silver Jarak tempuh: 33511 Tipe mobil: Manual Harga: 137000000 Bisa nego: Iya,Silver,Manual,33511,True,2022-06-02 21:00:05
4,51,28,2017 Daihatsu Xenia MPV,Warna: Coklat Jarak tempuh: 40994 Tipe mobil: Automatic Harga: 135000000 Bisa nego: Tidak,Coklat,Automatic,40994,False,2022-07-12 02:53:55
5,27,15,2016 Toyota Calya Wagon,Warna: Hijau Jarak tempuh: 12196 Tipe mobil: Automatic Harga: 107000000 Bisa nego: Tidak,Hijau,Automatic,12196,False,2022-04-09 04:57:17
6,91,44,2013 Honda Civic Sedan,Warna: Silver Jarak tempuh: 13900 Tipe mobil: Automatic Harga: 179000000 Bisa nego: Iya,Silver,Automatic,13900,True,2022-12-10 23:59:53
7,68,12,2019 Toyota Calya Wagon,Warna: Coklat Jarak tempuh: 22092 Tipe mobil: Automatic Harga: 137000000 Bisa nego: Iya,Coklat,Automatic,22092,True,2022-09-05 23:57:24
8,24,24,2017 Daihatsu Terios SUV,Warna: Silver Jarak tempuh: 15480 Tipe mobil: Automatic Harga: 166000000 Bisa nego: Iya,Silver,Automatic,15480,True,2022-05-25 03:20:29
9,93,6,2019 Toyota Agya Hatchback,Warna: Hijau Jarak tempuh: 11704 Tipe mobil: Automatic Harga: 114000000 Bisa nego: Iya,Hijau,Automatic,11704,True,2022-12-15 21:08:09
10,36,46,2015 Suzuki Ertiga MPV,Warna: Putih Jarak tempuh: 35979 Tipe mobil: Manual Harga: 125000000 Bisa nego: Iya,Putih,Manual,35979,True,2022-07-30 21:59:24
11,45,19,2017 Daihatsu Ayla Hatchback,Warna: Hijau Jarak tempuh: 70098 Tipe mobil: Automatic Harga: 115000000 Bisa nego: Iya,Hijau,Automatic,70098,True,2022-02-16 07:36:17
12,22,37,2017 Honda CR-V SUV,Warna: Hijau Jarak tempuh: 72673 Tipe mobil: Manual Harga: 345000000 Bisa nego: Iya,Hijau,Manual,72673,True,2022-04-07 07:22:39
13,6,8,2016 Toyota Agya Hatchback,Warna: Silver Jarak tempuh: 15219 Tipe mobil: Manual Harga: 110000000 Bisa nego: Iya,Silver,Manual,15219,True,2022-09-01 05:18:09
14,55,47,2018 Suzuki Ertiga MPV,Warna: Hijau Jarak tempuh: 39793 Tipe mobil: Manual Harga: 178000000 Bisa nego: Iya,Hijau,Manual,39793,True,2022-10-16 04:17:28
15,93,18,2015 Daihatsu Ayla Hatchback,Warna: Merah Jarak tempuh: 51120 Tipe mobil: Automatic Harga: 96000000 Bisa nego: Iya,Merah,Automatic,51120,True,2022-09-05 15:50:25
16,6,33,2018 Honda Jazz Hatchback,Warna: Putih Jarak tempuh: 51305 Tipe mobil: Automatic Harga: 216000000 Bisa nego: Iya,Putih,Automatic,51305,True,2022-12-26 10:06:37
17,65,11,2019 Toyota Calya Wagon,Warna: Silver Jarak tempuh: 51197 Tipe mobil: Automatic Harga: 130000000 Bisa nego: Tidak,Silver,Automatic,51197,False,2022-03-20 11:06:55
18,3,26,2019 Daihatsu Xenia MPV,Warna: Putih Jarak tempuh: 36716 Tipe mobil: Automatic Harga: 170000000 Bisa nego: Iya,Putih,Automatic,36716,True,2022-07-08 14:52:03
19,38,36,2018 Honda CR-V SUV,Warna: Merah Jarak tempuh: 64975 Tipe mobil: Manual Harga: 415000000 Bisa nego: Tidak,Merah,Manual,64975,False,2022-10-28 15:47:25
20,33,20,2017 Daihatsu Ayla Hatchback,Warna: Kuning Jarak tempuh: 10215 Tipe mobil: Automatic Harga: 113000000 Bisa nego: Iya,Kuning,Automatic,10215,True,2022-05-24 20:18:58
21,89,28,2017 Daihatsu Xenia MPV,Warna: Hitam Jarak tempuh: 58199 Tipe mobil: Automatic Harga: 135000000 Bisa nego: Tidak,Hitam,Automatic,58199,False,2022-06-20 03:23:15
22,11,50,2018 Suzuki Ertiga MPV,Warna: Coklat Jarak tempuh: 28533 Tipe mobil: Manual Harga: 167000000 Bisa nego: Iya,Coklat,Manual,28533,True,2022-06-21 00:57:05
23,81,32,2019 Honda Jazz Hatchback,Warna: Oranye Jarak tempuh: 50084 Tipe mobil: Automatic Harga: 250000000 Bisa nego: Tidak,Oranye,Automatic,50084,False,2022-12-18 23:42:11
24,52,6,2019 Toyota Agya Hatchback,Warna: Coklat Jarak tempuh: 56916 Tipe mobil: Manual Harga: 114000000 Bisa nego: Tidak,Coklat,Manual,56916,False,2022-06-06 22:10:56
25,80,36,2018 Honda CR-V SUV,Warna: Coklat Jarak tempuh: 43909 Tipe mobil: Manual Harga: 415000000 Bisa nego: Tidak,Coklat,Manual,43909,False,2022-03-01 09:20:42
26,33,8,2016 Toyota Agya Hatchback,Warna: Abu-abu Jarak tempuh: 46164 Tipe mobil: Automatic Harga: 110000000 Bisa nego: Iya,Abu-abu,Automatic,46164,True,2022-05-28 19:43:11
27,6,32,2019 Honda Jazz Hatchback,Warna: Coklat Jarak tempuh: 25553 Tipe mobil: Automatic Harga: 250000000 Bisa nego: Iya,Coklat,Automatic,25553,True,2022-05-28 16:47:00
28,80,20,2017 Daihatsu Ayla Hatchback,Warna: Abu-abu Jarak tempuh: 65481 Tipe mobil: Manual Harga: 113000000 Bisa nego: Iya,Abu-abu,Manual,65481,True,2022-07-25 17:56:13
29,5,50,2018 Suzuki Ertiga MPV,Warna: Oranye Jarak tempuh: 20498 Tipe mobil: Automatic Harga: 167000000 Bisa nego: Tidak,Oranye,Automatic,20498,False,2022-07-18 09:08:43
30,31,38,2009 Honda CR-V SUV,Warna: Silver Jarak tempuh: 52850 Tipe mobil: Manual Harga: 116000000 Bisa nego: Iya,Silver,Manual,52850,True,2022-11-07 02:56:26
31,62,2,2018 Toyota Yaris Hatchback,Warna: Hitam Jarak tempuh: 18977 Tipe mobil: Automatic Harga: 215000000 Bisa nego: Tidak,Hitam,Automatic,18977,False,2022-10-08 06:03:57
32,54,13,2017 Toyota Calya Wagon,Warna: Silver Jarak tempuh: 26650 Tipe mobil: Automatic Harga: 115500000 Bisa nego: Tidak,Silver,Automatic,26650,False,2022-04-27 13:16:33
33,75,43,2013 Honda Civic Sedan,Warna: Merah Jarak tempuh: 24455 Tipe mobil: Manual Harga: 186000000 Bisa nego: Iya,Merah,Manual,24455,True,2022-10-13 06:58:32
34,2,45,2019 Honda Civic Hatchback,Warna: Merah Jarak tempuh: 20148 Tipe mobil: Automatic Harga: 397500000 Bisa nego: Iya,Merah,Automatic,20148,True,2022-12-12 19:46:10
35,48,45,2019 Honda Civic Hatchback,Warna: Merah Jarak tempuh: 36028 Tipe mobil: Manual Harga: 397500000 Bisa nego: Tidak,Merah,Manual,36028,False,2022-01-25 19:08:04
36,70,24,2017 Daihatsu Terios SUV,Warna: Oranye Jarak tempuh: 73167 Tipe mobil: Automatic Harga: 166000000 Bisa nego: Tidak,Oranye,Automatic,73167,False,2022-07-11 16:00:28
37,48,15,2016 Toyota Calya Wagon,Warna: Hijau Jarak tempuh: 32839 Tipe mobil: Automatic Harga: 107000000 Bisa nego: Iya,Hijau,Automatic,32839,True,2022-03-03 04:04:31
38,39,26,2019 Daihatsu Xenia MPV,Warna: Putih Jarak tempuh: 38697 Tipe mobil: Automatic Harga: 170000000 Bisa nego: Iya,Putih,Automatic,38697,True,2022-01-26 17:22:52
39,40,29,2014 Daihatsu Xenia MPV,Warna: Abu-abu Jarak tempuh: 61663 Tipe mobil: Manual Harga: 100000000 Bisa nego: Iya,Abu-abu,Manual,61663,True,2022-02-24 14:22:49
40,6,33,2018 Honda Jazz Hatchback,Warna: Coklat Jarak tempuh: 18721 Tipe mobil: Manual Harga: 216000000 Bisa nego: Tidak,Coklat,Manual,18721,False,2022-11-13 12:20:56
41,51,39,2016 Honda CR-V SUV,Warna: Putih Jarak tempuh: 35551 Tipe mobil: Manual Harga: 269000000 Bisa nego: Iya,Putih,Manual,35551,True,2022-01-10 11:15:19
42,70,23,2019 Daihatsu Terios SUV,Warna: Hijau Jarak tempuh: 40938 Tipe mobil: Manual Harga: 189900000 Bisa nego: Tidak,Hijau,Manual,40938,False,2022-06-17 01:18:43
43,52,26,2019 Daihatsu Xenia MPV,Warna: Putih Jarak tempuh: 69384 Tipe mobil: Manual Harga: 170000000 Bisa nego: Iya,Putih,Manual,69384,True,2022-07-24 02:24:05
44,55,31,2018 Honda Jazz Hatchback,Warna: Merah Jarak tempuh: 10946 Tipe mobil: Manual Harga: 236000000 Bisa nego: Iya,Merah,Manual,10946,True,2022-05-15 04:45:22
45,67,21,2018 Daihatsu Terios SUV,Warna: Putih Jarak tempuh: 37721 Tipe mobil: Manual Harga: 190000000 Bisa nego: Tidak,Putih,Manual,37721,False,2022-05-18 02:39:54
46,34,6,2019 Toyota Agya Hatchback,Warna: Putih Jarak tempuh: 22566 Tipe mobil: Manual Harga: 114000000 Bisa nego: Tidak,Putih,Manual,22566,False,2022-08-13 19:13:12
47,70,41,2018 Honda Civic Hatchback,Warna: Hijau Jarak tempuh: 40510 Tipe mobil: Automatic Harga: 350000000 Bisa nego: Tidak,Hijau,Automatic,40510,False,2022-11-12 19:13:41
48,55,19,2017 Daihatsu Ayla Hatchback,Warna: Hijau Jarak tempuh: 75071 Tipe mobil: Manual Harga: 115000000 Bisa nego: Tidak,Hijau,Manual,75071,False,2022-07-31 03:05:53
49,30,46,2015 Suzuki Ertiga MPV,Warna: Biru Jarak tempuh: 76208 Tipe mobil: Manual Harga: 125000000 Bisa nego: Iya,Biru,Manual,76208,True,2022-01-20 08:26:41
50,2,4,2020 Toyota Yaris Hatchback,Warna: Abu-abu Jarak tempuh: 47218 Tipe mobil: Manual Harga: 220000000 Bisa nego: Iya,Abu-abu,Manual,47218,True,2022-09-09 15:13:46
51,40,49,2012 Suzuki Ertiga MPV,Warna: Coklat Jarak tempuh: 59415 Tipe mobil: Manual Harga: 100000000 Bisa nego: Iya,Coklat,Manual,59415,True,2022-11-15 21:17:55
52,38,14,2016 Toyota Calya Wagon,Warna: Silver Jarak tempuh: 71567 Tipe mobil: Automatic Harga: 104000000 Bisa nego: Tidak,Silver,Automatic,71567,False,2022-06-21 23:14:03
53,30,47,2018 Suzuki Ertiga MPV,Warna: Hijau Jarak tempuh: 41626 Tipe mobil: Automatic Harga: 178000000 Bisa nego: Tidak,Hijau,Automatic,41626,False,2022-08-19 23:17:15
54,34,26,2019 Daihatsu Xenia MPV,Warna: Biru Jarak tempuh: 20103 Tipe mobil: Automatic Harga: 170000000 Bisa nego: Tidak,Biru,Automatic,20103,False,2022-05-10 17:09:36
55,69,44,2013 Honda Civic Sedan,Warna: Kuning Jarak tempuh: 79935 Tipe mobil: Automatic Harga: 179000000 Bisa nego: Iya,Kuning,Automatic,79935,True,2022-08-06 07:27:21
56,22,48,2016 Suzuki Ertiga MPV,Warna: Abu-abu Jarak tempuh: 41943 Tipe mobil: Automatic Harga: 168000000 Bisa nego: Tidak,Abu-abu,Automatic,41943,False,2022-05-04 14:14:27
57,89,38,2009 Honda CR-V SUV,Warna: Abu-abu Jarak tempuh: 21052 Tipe mobil: Automatic Harga: 116000000 Bisa nego: Tidak,Abu-abu,Automatic,21052,False,2022-10-27 17:24:22
58,40,27,2022 Daihatsu Xenia MPV,Warna: Hitam Jarak tempuh: 10251 Tipe mobil: Manual Harga: 220500000 Bisa nego: Tidak,Hitam,Manual,10251,False,2022-10-20 09:01:39
59,48,12,2019 Toyota Calya Wagon,Warna: Silver Jarak tempuh: 14285 Tipe mobil: Automatic Harga: 137000000 Bisa nego: Iya,Silver,Automatic,14285,True,2022-09-29 19:15:10
60,27,44,2013 Honda Civic Sedan,Warna: Putih Jarak tempuh: 36953 Tipe mobil: Manual Harga: 179000000 Bisa nego: Iya,Putih,Manual,36953,True,2022-03-05 12:33:49
61,30,16,2016 Daihatsu Ayla Hatchback,Warna: Hijau Jarak tempuh: 13072 Tipe mobil: Manual Harga: 83000000 Bisa nego: Tidak,Hijau,Manual,13072,False,2022-06-30 20:34:13
62,45,37,2017 Honda CR-V SUV,Warna: Coklat Jarak tempuh: 25073 Tipe mobil: Automatic Harga: 345000000 Bisa nego: Iya,Coklat,Automatic,25073,True,2022-07-24 03:13:28
63,46,26,2019 Daihatsu Xenia MPV,Warna: Hijau Jarak tempuh: 22103 Tipe mobil: Automatic Harga: 170000000 Bisa nego: Iya,Hijau,Automatic,22103,True,2022-10-11 18:38:56
64,72,34,2015 Honda Jazz Hatchback,Warna: Hitam Jarak tempuh: 49136 Tipe mobil: Automatic Harga: 192000000 Bisa nego: Iya,Hitam,Automatic,49136,True,2022-01-20 18:34:39
65,40,16,2016 Daihatsu Ayla Hatchback,Warna: Silver Jarak tempuh: 40033 Tipe mobil: Automatic Harga: 83000000 Bisa nego: Iya,Silver,Automatic,40033,True,2022-04-26 00:43:32
66,65,42,2010 Honda Civic Sedan,Warna: Coklat Jarak tempuh: 55643 Tipe mobil: Automatic Harga: 165000000 Bisa nego: Iya,Coklat,Automatic,55643,True,2022-09-09 17:56:17
67,3,15,2016 Toyota Calya Wagon,Warna: Biru Jarak tempuh: 16417 Tipe mobil: Manual Harga: 107000000 Bisa nego: Tidak,Biru,Manual,16417,False,2022-07-20 19:21:28
68,39,5,2012 Toyota Yaris Hatchback,Warna: Merah Jarak tempuh: 29642 Tipe mobil: Manual Harga: 124000000 Bisa nego: Iya,Merah,Manual,29642,True,2022-11-03 06:42:17
69,65,48,2016 Suzuki Ertiga MPV,Warna: Hitam Jarak tempuh: 72349 Tipe mobil: Manual Harga: 168000000 Bisa nego: Tidak,Hitam,Manual,72349,False,2022-09-13 11:08:39
70,8,46,2015 Suzuki Ertiga MPV,Warna: Kuning Jarak tempuh: 29092 Tipe mobil: Manual Harga: 125000000 Bisa nego: Tidak,Kuning,Manual,29092,False,2022-01-26 20:05:52
71,75,9,2022 Toyota Agya Hatchback,Warna: Hijau Jarak tempuh: 62760 Tipe mobil: Manual Harga: 155500000 Bisa nego: Iya,Hijau,Manual,62760,True,2022-03-06 15:37:26
72,99,39,2016 Honda CR-V SUV,Warna: Kuning Jarak tempuh: 50850 Tipe mobil: Automatic Harga: 269000000 Bisa nego: Tidak,Kuning,Automatic,50850,False,2022-09-01 14:12:15
73,24,9,2022 Toyota Agya Hatchback,Warna: Oranye Jarak tempuh: 58102 Tipe mobil: Manual Harga: 155500000 Bisa nego: Iya,Oranye,Manual,58102,True,2022-04-22 19:01:54
74,51,38,2009 Honda CR-V SUV,Warna: Coklat Jarak tempuh: 46712 Tipe mobil: Manual Harga: 116000000 Bisa nego: Iya,Coklat,Manual,46712,True,2022-07-28 11:44:15
75,22,32,2019 Honda Jazz Hatchback,Warna: Kuning Jarak tempuh: 70454 Tipe mobil: Automatic Harga: 250000000 Bisa nego: Tidak,Kuning,Automatic,70454,False,2022-08-15 21:51:32
76,99,4,2020 Toyota Yaris Hatchback,Warna: Abu-abu Jarak tempuh: 51488 Tipe mobil: Automatic Harga: 220000000 Bisa nego: Iya,Abu-abu,Automatic,51488,True,2022-07-04 00:40:34
77,30,11,2019 Toyota Calya Wagon,Warna: Hijau Jarak tempuh: 24306 Tipe mobil: Manual Harga: 130000000 Bisa nego: Iya,Hijau,Manual,24306,True,2022-11-18 22:25:18
78,70,16,2016 Daihatsu Ayla Hatchback,Warna: Oranye Jarak tempuh: 68994 Tipe mobil: Automatic Harga: 83000000 Bisa nego: Iya,Oranye,Automatic,68994,True,2022-08-08 04:06:12
79,11,9,2022 Toyota Agya Hatchback,Warna: Kuning Jarak tempuh: 56249 Tipe mobil: Manual Harga: 155500000 Bisa nego: Iya,Kuning,Manual,56249,True,2022-11-04 11:28:21
80,22,16,2016 Daihatsu Ayla Hatchback,Warna: Abu-abu Jarak tempuh: 74794 Tipe mobil: Manual Harga: 83000000 Bisa nego: Tidak,Abu-abu,Manual,74794,False,2022-03-16 18:14:13
81,5,16,2016 Daihatsu Ayla Hatchback,Warna: Merah Jarak tempuh: 62720 Tipe mobil: Manual Harga: 83000000 Bisa nego: Tidak,Merah,Manual,62720,False,2022-09-23 09:35:11
82,40,4,2020 Toyota Yaris Hatchback,Warna: Putih Jarak tempuh: 14417 Tipe mobil: Manual Harga: 220000000 Bisa nego: Tidak,Putih,Manual,14417,False,2022-06-09 15:53:51
83,95,48,2016 Suzuki Ertiga MPV,Warna: Abu-abu Jarak tempuh: 22617 Tipe mobil: Automatic Harga: 168000000 Bisa nego: Iya,Abu-abu,Automatic,22617,True,2022-10-25 11:04:40
84,80,33,2018 Honda Jazz Hatchback,Warna: Hijau Jarak tempuh: 60203 Tipe mobil: Manual Harga: 216000000 Bisa nego: Iya,Hijau,Manual,60203,True,2022-11-22 18:09:25
85,70,13,2017 Toyota Calya Wagon,Warna: Hitam Jarak tempuh: 65398 Tipe mobil: Automatic Harga: 115500000 Bisa nego: Tidak,Hitam,Automatic,65398,False,2022-06-01 14:28:19
86,33,7,2014 Toyota Agya Hatchback,Warna: Putih Jarak tempuh: 34687 Tipe mobil: Automatic Harga: 97000000 Bisa nego: Iya,Putih,Automatic,34687,True,2022-01-31 16:50:13
87,75,49,2012 Suzuki Ertiga MPV,Warna: Putih Jarak tempuh: 36731 Tipe mobil: Manual Harga: 100000000 Bisa nego: Iya,Putih,Manual,36731,True,2022-06-09 12:52:30
88,34,36,2018 Honda CR-V SUV,Warna: Oranye Jarak tempuh: 40423 Tipe mobil: Automatic Harga: 415000000 Bisa nego: Iya,Oranye,Automatic,40423,True,2022-05-22 18:38:50
89,54,30,2018 Daihatsu Xenia MPV,Warna: Hijau Jarak tempuh: 19964 Tipe mobil: Automatic Harga: 159000000 Bisa nego: Iya,Hijau,Automatic,19964,True,2022-06-22 08:38:25
90,2,32,2019 Honda Jazz Hatchback,Warna: Oranye Jarak tempuh: 58925 Tipe mobil: Automatic Harga: 250000000 Bisa nego: Iya,Oranye,Automatic,58925,True,2022-03-09 04:11:50
91,8,41,2018 Honda Civic Hatchback,Warna: Abu-abu Jarak tempuh: 66901 Tipe mobil: Manual Harga: 350000000 Bisa nego: Tidak,Abu-abu,Manual,66901,False,2022-08-28 02:58:16
92,68,8,2016 Toyota Agya Hatchback,Warna: Oranye Jarak tempuh: 31956 Tipe mobil: Manual Harga: 110000000 Bisa nego: Tidak,Oranye,Manual,31956,False,2022-06-06 03:15:23
93,24,45,2019 Honda Civic Hatchback,Warna: Abu-abu Jarak tempuh: 21158 Tipe mobil: Automatic Harga: 397500000 Bisa nego: Tidak,Abu-abu,Automatic,21158,False,2022-08-25 04:23:12
94,85,5,2012 Toyota Yaris Hatchback,Warna: Merah Jarak tempuh: 77684 Tipe mobil: Automatic Harga: 124000000 Bisa nego: Tidak,Merah,Automatic,77684,False,2022-12-02 05:30:06
95,36,11,2019 Toyota Calya Wagon,Warna: Silver Jarak tempuh: 79768 Tipe mobil: Manual Harga: 130000000 Bisa nego: Tidak,Silver,Manual,79768,False,2022-04-15 18:43:05
96,97,12,2019 Toyota Calya Wagon,Warna: Kuning Jarak tempuh: 66436 Tipe mobil: Manual Harga: 137000000 Bisa nego: Tidak,Kuning,Manual,66436,False,2022-06-09 08:20:08
97,23,28,2017 Daihatsu Xenia MPV,Warna: Oranye Jarak tempuh: 57549 Tipe mobil: Automatic Harga: 135000000 Bisa nego: Iya,Oranye,Automatic,57549,True,2022-08-21 08:01:53
98,33,49,2012 Suzuki Ertiga MPV,Warna: Oranye Jarak tempuh: 68892 Tipe mobil: Automatic Harga: 100000000 Bisa nego: Iya,Oranye,Automatic,68892,True,2022-05-11 04:23:52
99,52,18,2015 Daihatsu Ayla Hatchback,Warna: Kuning Jarak tempuh: 15499 Tipe mobil: Manual Harga: 96000000 Bisa nego: Tidak,Kuning,Manual,15499,False,2022-01-09 10:42:54
100,33,5,2012 Toyota Yaris Hatchback,Warna: Kuning Jarak tempuh: 58075 Tipe mobil: Automatic Harga: 124000000 Bisa nego: Iya,Kuning,Automatic,58075,True,2022-12-26 11:22:51
101,78,9,2022 Toyota Agya Hatchback,Warna: Silver Jarak tempuh: 15940 Tipe mobil: Manual Harga: 155500000 Bisa nego: Tidak,Silver,Manual,15940,False,2022-06-02 04:48:37
102,52,32,2019 Honda Jazz Hatchback,Warna: Merah Jarak tempuh: 78126 Tipe mobil: Automatic Harga: 250000000 Bisa nego: Tidak,Merah,Automatic,78126,False,2022-10-26 23:34:38
103,65,1,2016 Toyota Yaris Hatchback,Warna: Putih Jarak tempuh: 20487 Tipe mobil: Automatic Harga: 175000000 Bisa nego: Iya,Putih,Automatic,20487,True,2022-06-02 08:50:22
104,52,50,2018 Suzuki Ertiga MPV,Warna: Abu-abu Jarak tempuh: 21079 Tipe mobil: Manual Harga: 167000000 Bisa nego: Tidak,Abu-abu,Manual,21079,False,2022-11-09 19:52:05
105,41,45,2019 Honda Civic Hatchback,Warna: Hijau Jarak tempuh: 78872 Tipe mobil: Manual Harga: 397500000 Bisa nego: Iya,Hijau,Manual,78872,True,2022-02-15 06:50:09
106,46,27,2022 Daihatsu Xenia MPV,Warna: Hitam Jarak tempuh: 50495 Tipe mobil: Manual Harga: 220500000 Bisa nego: Iya,Hitam,Manual,50495,True,2022-02-27 23:52:22
107,91,4,2020 Toyota Yaris Hatchback,Warna: Merah Jarak tempuh: 41066 Tipe mobil: Manual Harga: 220000000 Bisa nego: Iya,Merah,Manual,41066,True,2022-10-20 10:30:44
108,2,27,2022 Daihatsu Xenia MPV,Warna: Oranye Jarak tempuh: 70417 Tipe mobil: Manual Harga: 220500000 Bisa nego: Tidak,Oranye,Manual,70417,False,2022-08-04 15:59:31
109,33,27,2022 Daihatsu Xenia MPV,Warna: Abu-abu Jarak tempuh: 30516 Tipe mobil: Manual Harga: 220500000 Bisa nego: Tidak,Abu-abu,Manual,30516,False,2022-03-15 03:25:25
110,69,16,2016 Daihatsu Ayla Hatchback,Warna: Abu-abu Jarak tempuh: 76999 Tipe mobil: Automatic Harga: 83000000 Bisa nego: Iya,Abu-abu,Automatic,76999,True,2022-01-24 20:28:55
111,2,4,2020 Toyota Yaris Hatchback,Warna: Oranye Jarak tempuh: 58452 Tipe mobil: Manual Harga: 220000000 Bisa nego: Tidak,Oranye,Manual,58452,False,2022-03-27 18:05:13
112,95,42,2010 Honda Civic Sedan,Warna: Silver Jarak tempuh: 50372 Tipe mobil: Manual Harga: 165000000 Bisa nego: Tidak,Silver,Manual,50372,False,2022-05-16 15:24:11
113,6,39,2016 Honda CR-V SUV,Warna: Hijau Jarak tempuh: 70427 Tipe mobil: Automatic Harga: 269000000 Bisa nego: Tidak,Hijau,Automatic,70427,False,2022-01-26 06:18:15
114,68,26,2019 Daihatsu Xenia MPV,Warna: Hitam Jarak tempuh: 26713 Tipe mobil: Manual Harga: 170000000 Bisa nego: Tidak,Hitam,Manual,26713,False,2022-10-08 15:31:19
115,97,13,2017 Toyota Calya Wagon,Warna: Silver Jarak tempuh: 41202 Tipe mobil: Automatic Harga: 115500000 Bisa nego: Tidak,Silver,Automatic,41202,False,2022-03-19 17:05:35
116,99,29,2014 Daihatsu Xenia MPV,Warna: Coklat Jarak tempuh: 17014 Tipe mobil: Automatic Harga: 100000000 Bisa nego: Iya,Coklat,Automatic,17014,True,2022-12-15 18:32:07
117,69,24,2017 Daihatsu Terios SUV,Warna: Putih Jarak tempuh: 28387 Tipe mobil: Automatic Harga: 166000000 Bisa nego: Tidak,Putih,Automatic,28387,False,2022-11-26 00:41:02
118,68,38,2009 Honda CR-V SUV,Warna: Coklat Jarak tempuh: 38706 Tipe mobil: Manual Harga: 116000000 Bisa nego: Tidak,Coklat,Manual,38706,False,2022-08-21 07:28:05
119,55,10,2017 Toyota Agya Hatchback,Warna: Silver Jarak tempuh: 23693 Tipe mobil: Manual Harga: 115500000 Bisa nego: Iya,Silver,Manual,23693,True,2022-09-18 01:59:37
120,22,8,2016 Toyota Agya Hatchback,Warna: Kuning Jarak tempuh: 21377 Tipe mobil: Manual Harga: 110000000 Bisa nego: Tidak,Kuning,Manual,21377,False,2022-06-12 22:17:37
121,69,21,2018 Daihatsu Terios SUV,Warna: Kuning Jarak tempuh: 63608 Tipe mobil: Automatic Harga: 190000000 Bisa nego: Iya,Kuning,Automatic,63608,True,2022-08-31 22:08:53
122,89,13,2017 Toyota Calya Wagon,Warna: Kuning Jarak tempuh: 69074 Tipe mobil: Automatic Harga: 115500000 Bisa nego: Iya,Kuning,Automatic,69074,True,2022-09-11 01:27:21
123,70,12,2019 Toyota Calya Wagon,Warna: Silver Jarak tempuh: 54339 Tipe mobil: Automatic Harga: 137000000 Bisa nego: Iya,Silver,Automatic,54339,True,2022-02-13 09:00:59
124,24,49,2012 Suzuki Ertiga MPV,Warna: Putih Jarak tempuh: 24228 Tipe mobil: Manual Harga: 100000000 Bisa nego: Iya,Putih,Manual,24228,True,2022-08-08 04:50:14
125,78,18,2015 Daihatsu Ayla Hatchback,Warna: Hitam Jarak tempuh: 50735 Tipe mobil: Automatic Harga: 96000000 Bisa nego: Iya,Hitam,Automatic,50735,True,2022-08-08 16:00:05
126,67,42,2010 Honda Civic Sedan,Warna: Hijau Jarak tempuh: 67306 Tipe mobil: Manual Harga: 165000000 Bisa nego: Iya,Hijau,Manual,67306,True,2022-09-20 00:43:32
127,46,30,2018 Daihatsu Xenia MPV,Warna: Biru Jarak tempuh: 26615 Tipe mobil: Manual Harga: 159000000 Bisa nego: Tidak,Biru,Manual,26615,False,2022-08-30 21:37:43
128,63,7,2014 Toyota Agya Hatchback,Warna: Oranye Jarak tempuh: 64845 Tipe mobil: Automatic Harga: 97000000 Bisa nego: Iya,Oranye,Automatic,64845,True,2022-06-25 03:02:56
129,29,29,2014 Daihatsu Xenia MPV,Warna: Coklat Jarak tempuh: 24889 Tipe mobil: Manual Harga: 100000000 Bisa nego: Tidak,Coklat,Manual,24889,False,2022-11-28 20:24:31
130,69,28,2017 Daihatsu Xenia MPV,Warna: Kuning Jarak tempuh: 72883 Tipe mobil: Automatic Harga: 135000000 Bisa nego: Tidak,Kuning,Automatic,72883,False,2022-09-29 12:18:40
131,93,16,2016 Daihatsu Ayla Hatchback,Warna: Hitam Jarak tempuh: 14808 Tipe mobil: Manual Harga: 83000000 Bisa nego: Iya,Hitam,Manual,14808,True,2022-09-22 07:36:23
132,72,4,2020 Toyota Yaris Hatchback,Warna: Oranye Jarak tempuh: 28046 Tipe mobil: Manual Harga: 220000000 Bisa nego: Tidak,Oranye,Manual,28046,False,2022-03-24 06:10:24
133,34,22,2022 Daihatsu Terios SUV,Warna: Coklat Jarak tempuh: 58992 Tipe mobil: Manual Harga: 223000000 Bisa nego: Tidak,Coklat,Manual,58992,False,2022-01-23 00:29:30
134,89,18,2015 Daihatsu Ayla Hatchback,Warna: Coklat Jarak tempuh: 69022 Tipe mobil: Manual Harga: 96000000 Bisa nego: Tidak,Coklat,Manual,69022,False,2022-07-10 10:45:38
135,41,9,2022 Toyota Agya Hatchback,Warna: Biru Jarak tempuh: 23573 Tipe mobil: Automatic Harga: 155500000 Bisa nego: Tidak,Biru,Automatic,23573,False,2022-01-24 07:39:20
136,38,27,2022 Daihatsu Xenia MPV,Warna: Abu-abu Jarak tempuh: 30651 Tipe mobil: Automatic Harga: 220500000 Bisa nego: Tidak,Abu-abu,Automatic,30651,False,2022-03-23 07:07:21
137,8,32,2019 Honda Jazz Hatchback,Warna: Hitam Jarak tempuh: 74645 Tipe mobil: Manual Harga: 250000000 Bisa nego: Tidak,Hitam,Manual,74645,False,2022-07-19 07:58:31
138,55,40,2018 Honda CR-V SUV,Warna: Hijau Jarak tempuh: 56584 Tipe mobil: Manual Harga: 398500000 Bisa nego: Iya,Hijau,Manual,56584,True,2022-03-28 06:00:52
139,31,19,2017 Daihatsu Ayla Hatchback,Warna: Putih Jarak tempuh: 36440 Tipe mobil: Manual Harga: 115000000 Bisa nego: Tidak,Putih,Manual,36440,False,2022-06-08 04:49:09
140,85,43,2013 Honda Civic Sedan,Warna: Hitam Jarak tempuh: 49725 Tipe mobil: Manual Harga: 186000000 Bisa nego: Tidak,Hitam,Manual,49725,False,2022-02-24 05:52:48
141,75,32,2019 Honda Jazz Hatchback,Warna: Merah Jarak tempuh: 29705 Tipe mobil: Manual Harga: 250000000 Bisa nego: Iya,Merah,Manual,29705,True,2022-04-12 17:59:48
142,49,22,2022 Daihatsu Terios SUV,Warna: Kuning Jarak tempuh: 15879 Tipe mobil: Automatic Harga: 223000000 Bisa nego: Iya,Kuning,Automatic,15879,True,2022-06-19 15:58:10
143,5,39,2016 Honda CR-V SUV,Warna: Kuning Jarak tempuh: 29568 Tipe mobil: Manual Harga: 269000000 Bisa nego: Tidak,Kuning,Manual,29568,False,2022-07-12 20:35:03
144,54,31,2018 Honda Jazz Hatchback,Warna: Oranye Jarak tempuh: 20035 Tipe mobil: Manual Harga: 236000000 Bisa nego: Iya,Oranye,Manual,20035,True,2022-07-04 11:24:34
145,72,31,2018 Honda Jazz Hatchback,Warna: Abu-abu Jarak tempuh: 39462 Tipe mobil: Automatic Harga: 236000000 Bisa nego: Iya,Abu-abu,Automatic,39462,True,2022-12-18 12:19:51
146,39,3,2014 Toyota Yaris Hatchback,Warna: Merah Jarak tempuh: 32627 Tipe mobil: Manual Harga: 162000000 Bisa nego: Iya,Merah,Manual,32627,True,2022-11-06 00:19:42
147,30,31,2018 Honda Jazz Hatchback,Warna: Putih Jarak tempuh: 57608 Tipe mobil: Automatic Harga: 236000000 Bisa nego: Iya,Putih,Automatic,57608,True,2022-06-12 20:05:56
148,72,41,2018 Honda Civic Hatchback,Warna: Putih Jarak tempuh: 27056 Tipe mobil: Manual Harga: 350000000 Bisa nego: Iya,Putih,Manual,27056,True,2022-10-23 15:26:54
149,99,43,2013 Honda Civic Sedan,Warna: Putih Jarak tempuh: 20807 Tipe mobil: Manual Harga: 186000000 Bisa nego: Tidak,Putih,Manual,20807,False,2022-12-21 17:34:09
150,65,19,2017 Daihatsu Ayla Hatchback,Warna: Kuning Jarak tempuh: 79234 Tipe mobil: Automatic Harga: 115000000 Bisa nego: Tidak,Kuning,Automatic,79234,False,2022-09-14 03:07:01
151,8,21,2018 Daihatsu Terios SUV,Warna: Biru Jarak tempuh: 75911 Tipe mobil: Manual Harga: 190000000 Bisa nego: Iya,Biru,Manual,75911,True,2022-10-29 21:28:58
152,76,25,2018 Daihatsu Terios SUV,Warna: Kuning Jarak tempuh: 31152 Tipe mobil: Automatic Harga: 201000000 Bisa nego: Iya,Kuning,Automatic,31152,True,2022-05-28 05:28:05
153,5,12,2019 Toyota Calya Wagon,Warna: Abu-abu Jarak tempuh: 37001 Tipe mobil: Manual Harga: 137000000 Bisa nego: Iya,Abu-abu,Manual,37001,True,2022-12-27 12:45:17
154,33,48,2016 Suzuki Ertiga MPV,Warna: Abu-abu Jarak tempuh: 68090 Tipe mobil: Manual Harga: 168000000 Bisa nego: Tidak,Abu-abu,Manual,68090,False,2022-03-15 05:39:10
155,68,35,2013 Honda Jazz Hatchback,Warna: Kuning Jarak tempuh: 46850 Tipe mobil: Automatic Harga: 178000000 Bisa nego: Tidak,Kuning,Automatic,46850,False,2022-03-20 03:19:14
156,24,13,2017 Toyota Calya Wagon,Warna: Hitam Jarak tempuh: 30641 Tipe mobil: Automatic Harga: 115500000 Bisa nego: Iya,Hitam,Automatic,30641,True,2022-10-18 01:41:02
157,89,38,2009 Honda CR-V SUV,Warna: Putih Jarak tempuh: 18213 Tipe mobil: Automatic Harga: 116000000 Bisa nego: Tidak,Putih,Automatic,18213,False,2022-10-31 21:29:35
158,63,22,2022 Daihatsu Terios SUV,Warna: Hitam Jarak tempuh: 27549 Tipe mobil: Manual Harga: 223000000 Bisa nego: Tidak,Hitam,Manual,27549,False,2022-02-28 22:04:06
159,45,22,2022 Daihatsu Terios SUV,Warna: Kuning Jarak tempuh: 55912 Tipe mobil: Manual Harga: 223000000 Bisa nego: Iya,Kuning,Manual,55912,True,2022-01-21 05:07:09
160,2,13,2017 Toyota Calya Wagon,Warna: Biru Jarak tempuh: 33567 Tipe mobil: Automatic Harga: 115500000 Bisa nego: Tidak,Biru,Automatic,33567,False,2022-07-03 21:15:25
161,2,39,2016 Honda CR-V SUV,Warna: Putih Jarak tempuh: 44099 Tipe mobil: Manual Harga: 269000000 Bisa nego: Tidak,Putih,Manual,44099,False,2022-01-10 05:37:11
162,55,45,2019 Honda Civic Hatchback,Warna: Kuning Jarak tempuh: 19820 Tipe mobil: Automatic Harga: 397500000 Bisa nego: Iya,Kuning,Automatic,19820,True,2022-05-21 11:14:33
163,22,20,2017 Daihatsu Ayla Hatchback,Warna: Hijau Jarak tempuh: 65438 Tipe mobil: Automatic Harga: 113000000 Bisa nego: Tidak,Hijau,Automatic,65438,False,2022-08-24 19:40:28
164,69,40,2018 Honda CR-V SUV,Warna: Abu-abu Jarak tempuh: 27296 Tipe mobil: Manual Harga: 398500000 Bisa nego: Tidak,Abu-abu,Manual,27296,False,2022-01-07 14:03:36
165,62,46,2015 Suzuki Ertiga MPV,Warna: Hijau Jarak tempuh: 43287 Tipe mobil: Automatic Harga: 125000000 Bisa nego: Tidak,Hijau,Automatic,43287,False,2022-06-15 21:34:02
166,65,47,2018 Suzuki Ertiga MPV,Warna: Kuning Jarak tempuh: 40144 Tipe mobil: Automatic Harga: 178000000 Bisa nego: Iya,Kuning,Automatic,40144,True,2022-03-04 14:20:22
167,33,17,2019 Daihatsu Ayla Hatchback,Warna: Kuning Jarak tempuh: 58325 Tipe mobil: Manual Harga: 120000000 Bisa nego: Iya,Kuning,Manual,58325,True,2022-05-17 03:49:10
168,40,19,2017 Daihatsu Ayla Hatchback,Warna: Abu-abu Jarak tempuh: 74724 Tipe mobil: Manual Harga: 115000000 Bisa nego: Iya,Abu-abu,Manual,74724,True,2022-11-01 10:40:45
169,49,19,2017 Daihatsu Ayla Hatchback,Warna: Kuning Jarak tempuh: 63627 Tipe mobil: Manual Harga: 115000000 Bisa nego: Tidak,Kuning,Manual,63627,False,2022-09-16 13:38:46
170,2,44,2013 Honda Civic Sedan,Warna: Merah Jarak tempuh: 27010 Tipe mobil: Manual Harga: 179000000 Bisa nego: Iya,Merah,Manual,27010,True,2022-11-07 14:13:30
171,85,12,2019 Toyota Calya Wagon,Warna: Hitam Jarak tempuh: 19469 Tipe mobil: Manual Harga: 137000000 Bisa nego: Tidak,Hitam,Manual,19469,False,2022-05-14 02:58:10
172,31,3,2014 Toyota Yaris Hatchback,Warna: Hijau Jarak tempuh: 49415 Tipe mobil: Manual Harga: 162000000 Bisa nego: Iya,Hijau,Manual,49415,True,2022-11-03 07:18:58
173,30,24,2017 Daihatsu Terios SUV,Warna: Biru Jarak tempuh: 37215 Tipe mobil: Manual Harga: 166000000 Bisa nego: Iya,Biru,Manual,37215,True,2022-10-20 07:59:03
174,82,39,2016 Honda CR-V SUV,Warna: Hijau Jarak tempuh: 20590 Tipe mobil: Automatic Harga: 269000000 Bisa nego: Iya,Hijau,Automatic,20590,True,2022-04-03 15:29:40
175,70,27,2022 Daihatsu Xenia MPV,Warna: Abu-abu Jarak tempuh: 61671 Tipe mobil: Manual Harga: 220500000 Bisa nego: Tidak,Abu-abu,Manual,61671,False,2022-03-27 05:56:45
176,66,32,2019 Honda Jazz Hatchback,Warna: Kuning Jarak tempuh: 74689 Tipe mobil: Manual Harga: 250000000 Bisa nego: Tidak,Kuning,Manual,74689,False,2022-06-28 14:30:15
177,45,33,2018 Honda Jazz Hatchback,Warna: Hitam Jarak tempuh: 67236 Tipe mobil: Manual Harga: 216000000 Bisa nego: Iya,Hitam,Manual,67236,True,2022-11-20 00:51:46
178,75,4,2020 Toyota Yaris Hatchback,Warna: Biru Jarak tempuh: 24994 Tipe mobil: Automatic Harga: 220000000 Bisa nego: Iya,Biru,Automatic,24994,True,2022-12-13 23:32:13
179,97,36,2018 Honda CR-V SUV,Warna: Merah Jarak tempuh: 74658 Tipe mobil: Automatic Harga: 415000000 Bisa nego: Tidak,Merah,Automatic,74658,False,2022-12-30 01:40:46
180,22,43,2013 Honda Civic Sedan,Warna: Hitam Jarak tempuh: 15317 Tipe mobil: Automatic Harga: 186000000 Bisa nego: Iya,Hitam,Automatic,15317,True,2022-02-19 07:47:55
181,85,47,2018 Suzuki Ertiga MPV,Warna: Kuning Jarak tempuh: 24896 Tipe mobil: Manual Harga: 178000000 Bisa nego: Iya,Kuning,Manual,24896,True,2022-10-13 13:42:02
182,33,31,2018 Honda Jazz Hatchback,Warna: Silver Jarak tempuh: 26088 Tipe mobil: Manual Harga: 236000000 Bisa nego: Tidak,Silver,Manual,26088,False,2022-06-22 23:24:51
183,3,5,2012 Toyota Yaris Hatchback,Warna: Merah Jarak tempuh: 23734 Tipe mobil: Automatic Harga: 124000000 Bisa nego: Iya,Merah,Automatic,23734,True,2022-03-07 23:52:55
184,72,8,2016 Toyota Agya Hatchback,Warna: Hijau Jarak tempuh: 41123 Tipe mobil: Automatic Harga: 110000000 Bisa nego: Tidak,Hijau,Automatic,41123,False,2022-08-08 13:59:11
185,52,39,2016 Honda CR-V SUV,Warna: Abu-abu Jarak tempuh: 50454 Tipe mobil: Automatic Harga: 269000000 Bisa nego: Iya,Abu-abu,Automatic,50454,True,2023-01-01 04:13:04
186,5,44,2013 Honda Civic Sedan,Warna: Hijau Jarak tempuh: 79238 Tipe mobil: Automatic Harga: 179000000 Bisa nego: Tidak,Hijau,Automatic,79238,False,2022-07-10 08:55:47
187,52,42,2010 Honda Civic Sedan,Warna: Kuning Jarak tempuh: 40175 Tipe mobil: Automatic Harga: 165000000 Bisa nego: Iya,Kuning,Automatic,40175,True,2022-05-07 06:20:41
188,6,6,2019 Toyota Agya Hatchback,Warna: Putih Jarak tempuh: 50797 Tipe mobil: Manual Harga: 114000000 Bisa nego: Iya,Putih,Manual,50797,True,2022-12-27 07:23:09
189,68,14,2016 Toyota Calya Wagon,Warna: Putih Jarak tempuh: 67411 Tipe mobil: Manual Harga: 104000000 Bisa nego: Iya,Putih,Manual,67411,True,2022-07-31 20:53:26
190,31,6,2019 Toyota Agya Hatchback,Warna: Silver Jarak tempuh: 54295 Tipe mobil: Automatic Harga: 114000000 Bisa nego: Tidak,Silver,Automatic,54295,False,2022-11-05 12:54:57
191,34,9,2022 Toyota Agya Hatchback,Warna: Silver Jarak tempuh: 67037 Tipe mobil: Manual Harga: 155500000 Bisa nego: Iya,Silver,Manual,67037,True,2022-07-24 14:40:31
192,36,44,2013 Honda Civic Sedan,Warna: Merah Jarak tempuh: 29781 Tipe mobil: Automatic Harga: 179000000 Bisa nego: Tidak,Merah,Automatic,29781,False,2022-12-28 04:51:36
193,52,40,2018 Honda CR-V SUV,Warna: Abu-abu Jarak tempuh: 74865 Tipe mobil: Manual Harga: 398500000 Bisa nego: Iya,Abu-abu,Manual,74865,True,2022-11-29 03:20:45
194,2,19,2017 Daihatsu Ayla Hatchback,Warna: Silver Jarak tempuh: 38046 Tipe mobil: Automatic Harga: 115000000 Bisa nego: Iya,Silver,Automatic,38046,True,2022-02-06 06:21:24
195,63,43,2013 Honda Civic Sedan,Warna: Kuning Jarak tempuh: 10868 Tipe mobil: Manual Harga: 186000000 Bisa nego: Iya,Kuning,Manual,10868,True,2022-02-03 10:01:48
196,91,37,2017 Honda CR-V SUV,Warna: Hijau Jarak tempuh: 58168 Tipe mobil: Manual Harga: 345000000 Bisa nego: Iya,Hijau,Manual,58168,True,2022-12-28 10:17:05
197,24,45,2019 Honda Civic Hatchback,Warna: Hitam Jarak tempuh: 46457 Tipe mobil: Manual Harga: 397500000 Bisa nego: Tidak,Hitam,Manual,46457,False,2022-06-23 22:42:33
198,97,50,2018 Suzuki Ertiga MPV,Warna: Abu-abu Jarak tempuh: 34911 Tipe mobil: Automatic Harga: 167000000 Bisa nego: Iya,Abu-abu,Automatic,34911,True,2022-08-11 05:35:41
199,34,29,2014 Daihatsu Xenia MPV,Warna: Hijau Jarak tempuh: 79713 Tipe mobil: Automatic Harga: 100000000 Bisa nego: Iya,Hijau,Automatic,79713,True,2022-11-19 06:52:07
200,46,41,2018 Honda Civic Hatchback,Warna: Oranye Jarak tempuh: 42421 Tipe mobil: Manual Harga: 350000000 Bisa nego: Iya,Oranye,Manual,42421,True,2022-12-31 13:56:50
